Project Name,Opportunity ID,Opportunity Name,Creative Format,Hooks,scripts,Ad Copy,Technical Directions,Opportunity Owner,Pipeline,Contact Id
"Wayso Project","V01-WA","[V01-WA] Video - -","Video","-","تحليل السوق، بناء الاستراتيجية، وهندسة رحلة العميل.","-","-","Abdellah Chaaban","Project Task Manager","QkU5OHqs50n5oCnAzV9d"
"Wayso Project","V02-WA","[V02-WA] Video - راك قريب تستسلم من حلم التجارة الإلكترونية في دزاي","Video","راك قريب تستسلم من حلم التجارة الإلكترونية في دزاير؟ اسمع هادي قبل ما تحبس كلش.","عندك فكرة مشروع... حلم كبير باش تبيع منتجك في كامل الجزائر.
تبدا تبني في متجرك وحدك... و هنا يبدا الكابوس.
سيرفرات... ديزاين... تطبيقات... سبونسورينغ... الدفع عند الاستلام... التوصيل.
كل يوم مشكل جديد يخرجلك، و دراهمك يروحو في الريح.
تحس روحك غارق في التفاصيل التقنية، و نسيت علاش بديت أصلا.
هذا هو حال 90% من لي حاولوا يبداو وحدهم.
بصح كاينة طريقة أخرى.
طريقة وين تركز غير على منتجك... و البيع.
نقدمولك xstore: الحل المتكامل لي يمدلك متجر احترافي واجد في وقت قياسي.
متجر مخدوم خصيصا للسوق الجزائري، بالدفع عند الاستلام والتوصيل لكل الولايات.
فريق تاع خبراء يتكفل بكلش... من التصميم حتى للتسويق.
تخيل تبيع من أول يوم، بلا ما تضيّع دقيقة في المشاكل التقنية.
هذا هو الفرق لي يديرو xstore.
هادي ماشي مجرد منصة، هذا هو شريكك في النجاح.
مئات التجار الجزائريين راهم يحققو في أحلامهم معانا.
و دوكا جا دورك.
اطلب متجرك اليوم، و استفيد من عرض خاص: استشارة تسويقية مجانية باش تضمن أول مبيعاتك.
مستعد تبدا صح؟","🚨 حلمك التجاري في الجزائر... على وشك أن يموت؟ 

 كل يوم تفوتو وحدك في محاولة بناء متجر إلكتروني هو يوم تزيد فيه الخسارة تاع الوقت والدراهم.
التعقيدات التقنية، مشاكل التوصيل والدفع، والتسويق لي ما يجيبش نتيجة... هادو هوما أسباب فشل أغلب المشاريع.

xstore جا باش ينهي هذا الكابوس.
نوفرولك متجر احترافي متكامل، مخصص 100% للسوق الجزائري، ونتكفلو بكل الجانب التقني والتسويقي باش نتا تركز على واش يهم صح: منتجك ومبيعاتك.

✅ متجر جاهز للبيع من أول يوم.
✅ دعم الدفع عند الاستلام والتوصيل لكل الولايات.
✅ فريق خبراء في خدمتك. 

 اكتشف كيفاش تبني مشروعك صح! اضغط على الرابط لتحصل على متجرك واستشارة تسويقية مجانية. 

 #xstore #تجارة_الكترونية_الجزائر #ecommerce_dz #متجر_اونلاين #مشروع_ناجح #صنع_في_الجزائر #ديزاد","[Master Video - Hybrid Style]
- **Opening (0-3s):** وجه إعلامي (شاب/شابة) ينظر مباشرة للكاميرا بجدية وتعاطف. إضاءة درامية. زاوية قريبة (Close-up).
- **The Dream (3-7s):** لقطات سريعة ومونتاج ديناميكي لمنتجات جزائرية ناجحة، صناديق شحن، زبائن سعداء. موسيقى ملهمة تبدأ في الخلفية.
- **The Nightmare (7-15s):** يتغير الجو فجأة. موسيقى متوترة. رسوم Motion Graphics تظهر أيقونات معقدة (code, server errors, credit card denied). لقطات للوجه الإعلامي وهو يظهر عليه الإرهاق والتعب أمام شاشة حاسوب.
- **The Pain (15-20s):** لقطات Motion Graphics تظهر أموال تحترق أو تتطاير. نبرة الصوت تصبح أكثر جدية وحزماً.
- **The Guide (20-25s):** انتقال سلس. يظهر لوغو xstore بشكل أنيق وقوي. تعود الموسيقى الملهمة. الوجه الإعلامي يبتسم بثقة.
- **The Solution (25-35s):** لقطات Screen-recording لواجهة متجر xstore احترافية وسهلة الاستعمال. أيقونات Motion Graphics تظهر (COD, Delivery Truck to 58 Wilayas, Support Chat).
- **The Transformation (35-45s):** عرض شهادات سريعة لعملاء (نصوص متحركة أو صور مع اقتباسات). لقطات لتاجر يستلم إشعار بطلب جديد على هاتفه ويبتسم (Before/After). 
- **The CTA (45-55s):** يعود الوجه الإعلامي للكاميرا. يتكلم بحماس وثقة. يظهر على الشاشة نص العرض ""استشارة تسويقية مجانية"" وزر ""اطلب متجرك الآن"" مع رابط الموقع.","Islem Ben","Project Task Manager","QkU5OHqs50n5oCnAzV9d"
"Wayso Project","C03-WA","[C03-WA] Carousel - تخيل تفتح متجر في دزاير وتبيع من أول يوم... بلا ما","Carousel","تخيل تفتح متجر في دزاير وتبيع من أول يوم... بلا ما تفهم حرف في الكود. ممكن؟","Slide 1: xstore: مفتاحك للتجارة في دزاير. كلش واجد.
Slide 2: تعبت من التخمام في التعقيدات التقنية؟ خايف تبدا وتفشل؟ ماشي وحدك.
Slide 3: الحل بين يديك! xstore يمدلك كل الأدوات لي تحتاجها باش تنجح، في باقة وحدة.
Slide 4: وقتك غالي! معانا، تقدر تحقق أول عملية بيع في وقت قياسي. بلا تضييع شهور في البناء.
Slide 5: دراهمك في أمان. تسعيرة واضحة من الأول، بلا أي مصاريف مخفية تفاجئك في الطريق.
Slide 6: ارتاح وركز على البيع. حنا نتكفلو بالجانب التقني، الدعم، والتسويق الأولي.
Slide 7: مستعد تبدا قصة نجاحك؟ اضغط على الرابط واكتشف باقات xstore.","متجرك الجزائري... واجد في 3 خطوات بسيطة! 

 علاش تضيّع وقتك وطاقتك في مشاكل تقنية تقدر تتفاداها؟
مع xstore، التجارة الإلكترونية في الجزائر ولات أسهل من أي وقت مضى. من الفكرة إلى أول عملية بيع، حنا معاك خطوة بخطوة.

اسحب لليمين ⬅️ واكتشف كيفاش xstore يخليك تبدا مشروعك بلا صداع الراس. 

 شاهد عرضنا المتكامل وابدأ رحلتك نحو النجاح اليوم! 

 #متجر_جزائري #حلول_تقنية #تجارة_سهلة #xstore_dz #ريادة_الأعمال #مشاريع_صغيرة #الجزائر","- **General Style:** تصميم عصري، نظيف، وهوية بصرية موحدة.
- **Slide 1:** لوغو xstore كبير وواضح فوق صورة خلفية ملهمة لتاجر جزائري ناجح.
- **Slide 2:** استخدام أيقونات تعبر عن الألم (علامة استفهام كبيرة، رمز تحميل يدور ببطء، كود معقد).
- **Slide 3:** رسم بياني بسيط يوضح كيف أن xstore يجمع (تصميم + تسويق + توصيل + دعم) في حل واحد.
- **Slide 4:** أيقونة ساعة سريعة أو صاروخ ينطلق. استخدام خط عريض وواضح.
- **Slide 5:** أيقونة درع أو حصالة نقود. التركيز على كلمة ""شفافية"".
- **Slide 6:** صورة شخص مرتاح يشرب قهوة بينما تظهر أيقونات (ترس، كود، إحصائيات) في الخلفية تعمل وحدها.
- **Slide 7:** دعوة للعمل واضحة مع زر بارز وسهم يشير إلى رابط في البايو.","Abderahmane Mohamed","Project Task Manager","QkU5OHqs50n5oCnAzV9d"
"Wayso Project","P04-WA","[P04-WA] Image - xstore: التجارة الإلكترونية في دزاير ولات أسهل!","Image","xstore: التجارة الإلكترونية في دزاير ولات أسهل!","xstore
مفتاحك للتجارة في دزاير. كلش واجد.","الحل لي كنت تستنى فيه وصل. 

 بلا تعقيدات. بلا مصاريف مخفية. بلا تضييع وقت.
xstore هو الحل الشامل والموثوق باش تطلق متجرك الإلكتروني في الجزائر وتوصل لأكبر عدد من الزبائن.

كلش واجد، باش نتا تركز على البيع والربح. 

 اكتشف الحل الشامل وتعرف على باقاتنا. 

 #xstore #كلش_واجد #تجارة_الكترونية #dzpower #made_in_algeria #تسويق_رقمي","تصميم بسيط ومركز. لوغو xstore في الأعلى. الشعار مكتوب بخط عريض وأنيق في المنتصف. خلفية ذات لون موحد أو صورة عالية الجودة تعبر عن الاحترافية والثقة (مثلاً: لقطة مقربة لحاسوب محمول يعرض واجهة متجر أنيقة).","Abderahmane Mohamed","Project Task Manager","QkU5OHqs50n5oCnAzV9d"
"Wayso Project","V05-WA","[V05-WA] Video - حاسب شحال من مليون راح في الريح على سبونسورينغ فاش","Video","حاسب شحال من مليون راح في الريح على سبونسورينغ فاشل ومصاريف ما كنتش قاع تستنى فيهم؟","راك تصرف دراهم على السبونسورينغ... بصح النتائج والو.
وكل شهر تخرجلك فاتورة جديدة ما كنتش داير حسابها: استضافة، تطبيق، تحديث...
تحس روحك راك تعمر في قربة مقطوعة.
دراهمك يروحو، والأرباح ماكانش.
هذا الإحساس يقتل أي مشروع قبل ما يبدا.
بصح تخيل لوكان كل مصاريفك تكون واضحة من اليوم الأول؟
تخيل لوكان تستثمر في حملات إعلانية مدروسة وتجيب نتائج؟
مع xstore، هذا هو الواقع.
نقدمولك باقات شفافة، بلا أي مفاجآت.
و نساعدوك بخبرتنا باش كل دينار تصرفو في التسويق يرجعلك بأرباح.
قبل xstore: قلق، ضغط، ومصاريف بلا نهاية.
بعد xstore: راحة بال، تحكم كامل في ميزانيتك، وأرباح متزايدة.
الجسر بيناتهم؟ هو قرارك اليوم.
ماتزيدش تحرق دراهمك.","مصاريف متجرك الخفية راهي تسرقلك في أرباحك! 

 أكبر خطأ يرتكبه أصحاب المتاجر هو تجاهل التكاليف المخفية لي تظهر مع الوقت، من الاستضافة للتطبيقات المدفوعة، لي تقدر تقضي على كل هامش الربح.

xstore يقدم لك الوضوح التام. باقاتنا شاملة وكل شي محسوب من الأول. استثمر دراهمك بذكاء في منصة تضمنلك نتائج، ماشي فواتير. 

 توقف عن إهدار المال! 'xstore' يوفرلك باقة واضحة بلا مفاجآت. شوف العرض الآن! 

 #أمان_مالي #تجارة_ذكية #xstore #dzbusiness #مشروعي #استثمار #توفير_المال #الجزائر","[Motion Graphics Video]
- **Style:** رسوم متحركة 2D بسيطة وأنيقة، تركز على الأرقام والبيانات.
- **Problem (0-7s):** مشاهد تظهر نقود ورقية تطير من محفظة وتختفي. رسم بياني للإعلانات يهبط للأسفل. أيقونات فواتير تظهر فجأة على الشاشة.
- **Agitate (7-12s):** شخصية كرتونية تبدو قلقة ومحبطة وهي تنظر إلى حاسوبها. نبرة الصوت تعبر عن الإحباط.
- **Bridge/Solution (12-20s):** يظهر لوغو xstore كدرع يحمي الشخصية من الفواتير الطائرة. تظهر كلمة ""شفافية"" بخط كبير. رسم بياني للأسعار واضح وبسيط.
- **After (20-28s):** الشخصية الكرتونية تصبح سعيدة ومرتاحة. رسم بياني للأرباح يصعد للأعلى. تظهر إشعارات طلبات جديدة.
- **CTA (28-35s):** تظهر على الشاشة تفاصيل الباقة بوضوح مع السعر. عبارة ""توقف عن إهدار المال"" تظهر مع زر ""اكتشف الباقات الآن"".","Ahmed Benkali","Project Task Manager","QkU5OHqs50n5oCnAzV9d"
"Wayso Project","C06-WA","[C06-WA] Carousel - 3 أخطاء تكلفك الملايين في تجارتك الإلكترونية... وك","Carousel","3 أخطاء تكلفك الملايين في تجارتك الإلكترونية... وكيفاش xstore يحميك منها.","Slide 1: التكاليف المخفية: العدو الأول لأرباحك في التجارة الإلكترونية.
Slide 2: مع xstore، ماكانش مفاجآت! تسعيرة واضحة وشاملة من اليوم الأول. شوف بعينك.
Slide 3: الخطأ المكلف الثاني: حرق المال في إعلانات عشوائية. فريقنا يوجهك لبناء حملات ناجحة ومربحة.
Slide 4: استثمر بذكاء. تجنب أخطاء المبتدئين التقنية لي تكلفك وقت ومال. منصتنا جاهزة ومضمونة.
Slide 5: الهدف تاعنا؟ نوفرولك دراهمك، باش تركز على زيادة أرباحك.
Slide 6: ابدأ متجرك بأمان مالي وثقة تامة. اختر xstore اليوم.","كيفاش توفر دراهمك وتزيد أرباحك في نفس الوقت؟ السر هنا. 

 التجارة الإلكترونية الناجحة ماشي مجرد بيع، هي إدارة ذكية للمصاريف.
كل دينار توفرو هو دينار ربح صافي.

في هذا الكاروسال، نكشفلك كيفاش xstore يساعدك تتجنب الأخطاء المالية القاتلة وتبني مشروع مربح على أساس صحيح.
اسحب لليمين ⬅️ 

 تعرف على باقاتنا الشفافة وابدأ الاستثمار الصحيح في مشروعك. 

 #ادارة_مالية #مشروع_مربح #xstore_tips #تجارة_الكترونية #dz #نصائح_تسويقية #ريادة_الأعمال","- **Slide 1:** صورة آلة حاسبة مع فواتير كثيرة. استخدام اللون الأحمر للتحذير.
- **Slide 2:** جدول مقارنة بسيط: ""مع الآخرين"" (فواتير متفرقة) مقابل ""مع xstore"" (فاتورة واحدة واضحة).
- **Slide 3:** رسم بياني يوضح الفرق بين حملة إعلانية عشوائية (ROI سلبي) وحملة موجهة (ROI إيجابي).
- **Slide 4:** أيقونات درع حماية فوق رموز (كود، سيرفر، تصميم). 
- **Slide 5:** رسم بياني يوضح كيف أن تقليل التكاليف يزيد من هامش الربح بشكل مباشر.
- **Slide 6:** دعوة للعمل مع زر ""اكتشف باقاتنا"" ولوغو xstore.","Abderahmane Mohamed","Project Task Manager","QkU5OHqs50n5oCnAzV9d"
"Wayso Project","P07-WA","[P07-WA] Image - وفّر دراهمك وركز على الربح مع xstore. بلا مصاريف م","Image","وفّر دراهمك وركز على الربح مع xstore. بلا مصاريف مخفية!","بلا مصاريف مخفية.
ركّز على الربح.","ميزانيتك تحت السيطرة. أرباحك في نمو. 

 مع xstore، أنت تعرف بالضبط شحال تستثمر كل شهر.
هذا الأمان المالي يخليك تخطط بثقة وتوجه كل تركيزك نحو تطوير منتجاتك وزيادة مبيعاتك. 

 بدا اليوم ووفر. اكتشف باقاتنا الاقتصادية! 

 #ميزانية #تخطيط_مالي #xstore #الجزائر #ecommerce #business_dz #أرباح","تصميم بصري قوي يعتمد على التباين. نصف الصورة يظهر فواتير متراكمة في الظلام (مكتوب عليها: استضافة، تصميم، تطبيقات...) والنصف الآخر يظهر واجهة متجر xstore مشرقة مع أيقونة أرباح متزايدة. شعار xstore يفصل بينهما.","Abderahmane Mohamed","Project Task Manager","QkU5OHqs50n5oCnAzV9d"
"Wayso Project","V08-WA","[V08-WA] Video - شريت منصة عالمية وكي جيت تبيع في دزاير لقيتها ما ت","Video","شريت منصة عالمية وكي جيت تبيع في دزاير لقيتها ما تسواش؟ ماشي نتا لي غالط.","(وجه إعلامي يتحدث بلهجة صديقة ومباشرة)
راك تسمع بيهم يقولولك افتح متجر على منصة عالمية... ساهلة.
بصح كي تبدا تخدم، تكتشف المشاكل.
الزبون الجزائري يحب يخلص عند الاستلام... والمنصة ما تدعمهاش مليح.
تحب توصل لـ 58 ولاية... تلقى روحك حاصل مع شركات التوصيل.
وكي يصرالك مشكل تقني، شكون يعاونك؟ الدعم الفني ما يفهمش عليك.
هذا هو الواقع. السوق الجزائري عندو خصوصياتو.
و xstore تفهم هذا الشي 100%.
منصتنا مخدومة على قيس التاجر والزبون الجزائري.
الدفع عند الاستلام؟ واجد.
التوصيل لكل الولايات؟ منظم.
الدعم التقني؟ بالدارجة، وفي أي وقت.
ماتزيدش تضيّع وقتك مع حلول ما تمشيش في بلادك.
اخدم مع لي يفهمك ويفهم السوق تاعك.","علاش 99% من المتاجر المبنية على منصات عالمية تفشل في الجزائر؟ 

 السر ماشي فيك... السر في السوق!
السوق الجزائري عندو قواعدو الخاصة: الدفع عند الاستلام هو الملك، التوصيل لكل ولاية تحدي، والدعم بالدارجة ضرورة.

xstore هو الحل الوحيد المبني من الألف إلى الياء لخدمة التاجر الجزائري. حنا نفهمو تحدياتك ونقدمولك الأدوات لي تحتاجها باش تنجح، ماشي باش تحارب مع المنصة. 

 اكتشف كيف 'xstore' يخليك تربح في السوق الجزائري. حمل دليلنا المجاني الآن! 

 #سوق_جزائري #دفع_عند_الاستلام #توصيل_58_ولاية #xstore_dz #صنع_في_الجزائر #ecommerce_algerie #حلول_محلية","[UGC Style Video]
- **Setting:** مكتب منزلي بسيط أو ورشة عمل. المتحدث يصور نفسه بكاميرا هاتف عالية الجودة (أو كاميرا ويب) بأسلوب عفوي وحقيقي.
- **Performance:** يتحدث مباشرة للكاميرا كأنه ينصح صديق. يستخدم لغة جسد طبيعية. يمكن أن يظهر على شاشة حاسوبه بجانبه أمثلة لواجهات معقدة لمنصات أخرى.
- **Visuals:** يمكن إدراج لقطات B-roll بسيطة لـ (خريطة الجزائر مع أيقونات توصيل، أيقونة الدفع عند الاستلام، واجهة محادثة دعم فني بالدارجة).
- **Ending:** يبتسم ويشير بيده نحو رابط يظهر على الشاشة.","Ahmed Benkali","Project Task Manager","QkU5OHqs50n5oCnAzV9d"
"Wayso Project","C09-WA","[C09-WA] Carousel - السر الوحيد للنجاح في التجارة الإلكترونية بالجزائر","Carousel","السر الوحيد للنجاح في التجارة الإلكترونية بالجزائر... ماشي هو المنتج.","Slide 1: باش تنجح في دزاير، لازم تفهم السوق تاعها. ماشي كيما أي بلاصة!
Slide 2: أول قاعدة: الثقة. الزبون الجزائري يحب 'الدفع عند الاستلام'. xstore يوفرهالك بسهولة تامة.
Slide 3: ثاني قاعدة: الوصول. لازم تلحق لكل الولايات. xstore يسهلك عملية التوصيل من العاصمة للصحراء.
Slide 4: ثالث قاعدة: التواصل. كي يواجه الزبون مشكل، يحتاج لي يفهمو. فريق الدعم تاعنا يتكلم بالدارجة ومستعد يعاونك في أي وقت.
Slide 5: شوف بعينك: قصص نجاح تجار جزائريين كيما نتا، نجحو معانا لأننا نفهمو السوق.
Slide 6: النتيجة؟ متجر احترافي، موثوق، ويزيد من مبيعاتك لأن الزبون الجزائري يلقى فيه راحتو.
Slide 7: مستعد تخدم بالحل المخصص للجزائر؟ اكتشف xstore اليوم.","متجرك لازم يتكلم 'دزيري' باش يبيع! 

 تقدر تجيب أحسن منتج في العالم، بصح إذا ما وفرتش للزبون الجزائري واش يحتاج (الدفع عند الاستلام، توصيل مضمون، ودعم يفهمو)، ماراحش تشري ثقتو.

xstore مبني على هذا الأساس. اسحب لليمين ⬅️ واكتشف المزايا الحصرية لي تخلينا الخيار رقم 1 في الجزائر. 

 حمل دليلنا المجاني 'أسرار البيع في السوق الجزائري' الآن! 

 #ثقة_العميل #تجربة_جزائرية #xstore #ecommerce_dz #بيع_اونلاين #الجزائر #سوق_dz","- **Visual Theme:** استخدام عناصر بصرية جزائرية (خريطة الجزائر، نقوش أمازيغية أو أندلسية بلمسة عصرية، ألوان العلم الوطني بشكل أنيق).
- **Slide 2:** أيقونة يد تسلم نقود ليد أخرى.
- **Slide 3:** خريطة الجزائر مع مسارات توصيل متحركة تغطي كل الولايات.
- **Slide 4:** أيقونة سماعة هاتف أو فقاعة محادثة مع علم الجزائر.
- **Slide 5:** صور حقيقية لعملاء (بعد أخذ الإذن) مع اقتباسات قوية.
- **Slide 6:** تصميم يجمع الأيقونات الثلاثة (الدفع، التوصيل، الدعم) تحت شعار ""الثقة"".
- **Slide 7:** دعوة للعمل واضحة مع رابط.","Abderahmane Mohamed","Project Task Manager","QkU5OHqs50n5oCnAzV9d"
"Wayso Project","P10-WA","[P10-WA] Image - 'xstore': متجر مخدوم خصيصاً ليك في دزاير! فهمنا ال","Image","'xstore': متجر مخدوم خصيصاً ليك في دزاير! فهمنا السوق، جبنالك الحل.","مخدوم على قيس السوق الجزائري.","ماشي مجرد متجر. هو حل يفهمك. 

 لأننا من الجزائر وإلى الجزائر، بنينا xstore باش يلبي احتياجات التاجر والزبون الجزائري بالتحديد. خبرتنا في السوق هي ضمان نجاحك. 

 جرب الخبرة الجزائرية. ابدأ مع xstore! 

 #خبرة_محلية #صنع_في_الجزائر #xstore #dz_power #ecommerce #algeria","صورة لخريطة الجزائر، ويظهر عليها دبوس تحديد الموقع (Pin) يحمل لوغو xstore. في الخلفية، تظهر صور مصغرة لمنتجات جزائرية متنوعة. النص يكتب بخط واضح وقوي.","Abderahmane Mohamed","Project Task Manager","QkU5OHqs50n5oCnAzV9d"
"Wayso Project","V11-WA","[V11-WA] Video - نهار كامل ونتا تجري بين مشاكل السيت والسبونسورينغ.","Video","نهار كامل ونتا تجري بين مشاكل السيت والسبونسورينغ... وقتاش تبيع؟","راك تحس روحك وليت مطور مواقع... ومسوق... وخبير دعم فني.
بصح نتا في الحقيقة تاجر.
وقتك كامل يروح في حل المشاكل التقنية.
طاقتك كامل تروح في فهم خوارزميات الإعلانات.
وفي نهاية اليوم، راك مرهق... ومابعت والو.
هذا الإرهاق هو لي يخليك تفكر تحبس كلش.
دوكا تخيل... لوكان تصحى الصباح، تلقى متجرك خدام وحدو.
الإعلانات تمشي... الطلبات تدخل.
ونتا... تركز غير على حاجة وحدة: تطوير منتجك وخدمة زبائنك.
هادي هي راحة البال لي يمدها xstore.
حنا هوما الجيش التقني والتسويقي تاعك لي يخدم في بلاصتك.
نحررولك أغلى حاجة عندك: وقتك وطاقتك.
باش ترجع لشغفك الحقيقي: التجارة.","هل أنت تاجر أم تقني؟ جاوب بصراحة. 

 إذا كان 80% من وقتك يروح في حل مشاكل الموقع والتسويق، فأنت لست تدير مشروعاً، بل أنت موظف لدى مشروعك.

xstore يرجعلك منصبك الحقيقي كصاحب مشروع. حنا نتكفلو بكل المهام المرهقة، ونخليولك متعة البيع والنمو. 

 عيش تجربة التجارة الإلكترونية السهلة مع 'xstore'. ابدأ الآن ووفر جهدك! 

 #راحة_البال #وقتك_ثمين #xstore #تركيز #انتاجية #تجارة_الكترونية #الجزائر","[Motion Graphics Video]
- **Style:** شخصية كرتونية تمثل التاجر. أسلوب بصري يركز على التحول من الفوضى إلى النظام.
- **Quest/Problem (0-10s):** الشخصية تجري في عجلة هامستر، محاطة بأيقونات (code, ads, support tickets) تدور حولها بسرعة. الألوان داكنة ومتعبة.
- **Solution Intro (10-15s):** تظهر يد (تمثل xstore) وتوقف العجلة. يتغير المشهد والألوان تصبح أفتح وأكثر هدوءًا.
- **Transformation (15-25s):** الشخصية الآن تجلس في مكتب أنيق ومرتب، تركز على منتج واحد. الأيقونات المعقدة السابقة تعمل الآن بشكل منظم في الخلفية داخل ""فقاعة xstore"".
- **Benefit (25-30s):** تظهر أيقونة ""بطارية طاقة"" للشخصية وهي تمتلئ. تظهر كلمة ""راحة البال"" بخط كبير.
- **CTA (30-35s):** الشخصية تبتسم للكاميرا. يظهر زر ""حرر وقتك الآن"" على الشاشة.","Ahmed Benkali","Project Task Manager","QkU5OHqs50n5oCnAzV9d"
"Wayso Project","C12-WA","[C12-WA] Carousel - راك تخدم 12 ساعة في اليوم على متجرك... بصح المبيعا","Carousel","راك تخدم 12 ساعة في اليوم على متجرك... بصح المبيعات مازالت والو؟ المشكل ماشي فيك.","Slide 1: نهاية كابوس التعقيدات التقنية والتسويقية!
Slide 2: خلي علينا البنية التحتية. من السيرفر للتصميم، متجرك في أيد أمينة وجاهز للعمل 24/7.
Slide 3: ما فهمتش في التسويق؟ ماشي لازم! فريقنا يضمنلك بداية قوية وحملات إعلانية توصل للزبون الصح.
Slide 4: ركز على شغفك الحقيقي. وقتك لازم يكون موجه لمنتجك، زبائنك، وتطوير مشروعك.
Slide 5: النتيجة؟ راحة بال تامة. نوم هادئ في الليل وأنت علابالك بلي متجرك يخدم كيما الساعة.
Slide 6: حرر وقتك وطاقتك مع xstore. ابدأ رحلتك نحو التجارة المريحة اليوم!","استرجع وقتك، استرجع حياتك، استرجع مشروعك. 

 الإرهاق هو القاتل الصامت للمشاريع الناشئة. عندما تصبح أنت عنق الزجاجة في كل شيء، يتوقف النمو.

xstore مصمم ليكون شريكك الذي لا ينام. اسحب لليمين ⬅️ وشوف كيفاش نحيولك كل العبء التقني والتسويقي من على كتافك. 

 شاهد كيف نوفر لك راحة البال. اكتشف المزيد! 

 #لا_للإرهاق #عمل_ذكي #xstore #ريادة_الأعمال #توازن #مشروعك_الخاص #الجزائر","- **Visual Theme:** صور تعبر عن الهدوء والراحة والتركيز.
- **Slide 1:** صورة قبل وبعد: مكتب فوضوي مقابل مكتب منظم.
- **Slide 2:** أيقونات (سيرفر، كود، تصميم) داخل درع حماية يحمل لوغو xstore.
- **Slide 3:** رسم بسيط يوضح كيف أن xstore يوجه الإعلانات من التاجر إلى الزبون المستهدف مباشرة.
- **Slide 4:** صور مقربة لأيادي حرفيين أو أصحاب منتجات وهم يعملون على منتجاتهم بشغف.
- **Slide 5:** أيقونة قمر ونجوم مع عبارة ""متجرك يعمل حتى وأنت نائم"".
- **Slide 6:** دعوة للعمل مع صورة شخص يبتسم بثقة.","Abderahmane Mohamed","Project Task Manager","QkU5OHqs50n5oCnAzV9d"
"Wayso Project","P13-WA","[P13-WA] Image - ركز على البيع، وحنا نتكفلو بالباقي! مع xstore، الت","Image","ركز على البيع، وحنا نتكفلو بالباقي! مع xstore، التجارة الإلكترونية أسهل.","نتا اهتم بالبيع.
الباقي علينا.","مهمتك الوحيدة: البيع. مهمتنا: كل شيء آخر. 

 هذا هو وعد xstore. نوفر لك منصة قوية وفريق خبير باش تقدر توجه 100% من طاقتك لنمو مبيعاتك. 

 وفر جهدك الآن. ابدأ مع xstore! 

 #تركيز #بيع #xstore #تجارة_الكترونية #dz #شريك_النجاح #الجزائر","صورة مقسومة إلى قسمين. في الأعلى، صورة واضحة ومشرقة لتاجر يتعامل مع زبون أو يغلف منتجاً. في الأسفل، صورة أغمق قليلاً تظهر أيقونات للعمليات التقنية (كود، سيرفرات، إعلانات) مع لوغو xstore في المنتصف، كأنه هو من يديرها.","Abderahmane Mohamed","Project Task Manager","QkU5OHqs50n5oCnAzV9d"
"Wayso Project","V14-WA","[V14-WA] Video - يقولولك التجارة الإلكترونية في دزاير صعيبة؟ شوف بع","Video","يقولولك التجارة الإلكترونية في دزاير صعيبة؟ شوف بعينك التجار لي نجحوا معانا.","(مونتاج سريع لشهادات عملاء حقيقيين - كل شخص يتحدث لمدة 5-7 ثواني)

العميل 1 (شاب): ""في الأول كنت خايف بزاف من الخسارة، بصح مع xstore من أول شهر بديت نشوف النتائج.""

العميلة 2 (صاحبة منتجات يدوية): ""مكنتش نفهم والو في الجانب التقني، فريق xstore تكفل بكلش وخلاني نركز على خدمتي.""

العميل 3 (يبيع منتجات تجميل): ""أحسن حاجة هي الدعم الفني، في أي وقت نعيطلهم نلقاهم. هذا الشي يمد الثقة.""

(صوت معلق احترافي): قصصهم حقيقية. نجاحهم ممكن يكون هو قصة نجاحك غدوة.

العميل 1: ""لي راه متردد نقولو غير ابدا، مع xstore راك في أيد أمينة.""","ما تسمعش لينا... اسمع ليهم! 🗣️ 

 أفضل دليل على نجاح أي خدمة هو نجاح عملائها.
تجار جزائريون، كيما نتا، كان عندهم نفس الحلم ونفس المخاوف. اليوم، راهم يحققو في مبيعات وأرباح ما كانوش يتوقعوها.

شاهد قصصهم الملهمة واكتشف كيفاش xstore كان هو مفتاح نجاحهم. 

 قصص نجاح حقيقية تنتظرك! انضم لعائلتنا وبدا قصة نجاحك أنت تاني. اضغط هنا! 

 #شهادات_عملاء #قصص_نجاح #xstore_family #دليل_اجتماعي #ثقة #تجارة_الكترونية #الجزائر","[UGC - Testimonials Video]
- **Style:** فيديوهات حقيقية مصورة بالهاتف من طرف العملاء أنفسهم. لا تحتاج احترافية عالية، بل مصداقية. 
- **Editing:** مونتاج سريع وديناميكي. يتم إضافة اسم العميل واسم متجره كنص على الشاشة. استخدام موسيقى خلفية ملهمة ومحفزة. 
- **Authenticity:** يجب الحفاظ على عفوية كلام العملاء. لا يجب أن يبدو كنص محفوظ.
- **Ending:** لقطة جماعية (إذا أمكن) أو تتابع سريع لصور العملاء المبتسمين مع لوغو xstore وعبارة ""انضم لعائلة الناجحين"".","Ahmed Benkali","Project Task Manager","QkU5OHqs50n5oCnAzV9d"
"Wayso Project","C15-WA","[C15-WA] Carousel - قصة 'سفيان' ممكن تكون هي قصتك. من موظف متردد إلى ت","Carousel","قصة 'سفيان' ممكن تكون هي قصتك. من موظف متردد إلى تاجر ناجح.","Slide 1: كل قصة نجاح عظيمة تبدأ بقرار واحد. هل أنت مستعد لاتخاذ قرارك؟
Slide 2: قصة نجاح: سفيان. كان يحلم ببيع المنتجات الإلكترونية، لكن الخوف من الجانب التقني كان حاجز.
Slide 3: التحدي: كيف يبني متجر احترافي ويثقو فيه الزبائن بلا ما يخسر كل مدخراته؟
Slide 4: الحل: اختار xstore. في أيام قليلة، كان عندو متجر جاهز، مربوط بشركات التوصيل والدفع عند الاستلام.
Slide 5: النتيجة بعد 3 أشهر: حقق أكثر من 500 عملية بيع. والأهم، بنا علامة تجارية موثوقة.
Slide 6: اقتباس من سفيان: ""xstore ما مدليش غير متجر، مدلي الثقة والوقت باش نركز على البيع. الحمد لله.""
Slide 7: قصة نجاحك أنت لم تكتب بعد. حنا هنا باش نساعدوك تكتبها.
Slide 8: ابدأ الفصل الأول من قصة نجاحك اليوم. انضم إلى xstore.","مئات قصص النجاح... وقصتك هي التالية! 

 النجاح في التجارة الإلكترونية ليس حكراً على أحد. هو نتيجة اتخاذ القرارات الصحيحة واختيار الشريك المناسب.

في هذا الكاروسال، نشاركوكم قصة واحد من عائلة xstore الملهمة. اسحب لليمين ⬅️ واكتشف كيف يمكن أن تكون أنت البطل في القصة القادمة. 

 اكتشف المزيد من قصص النجاح وتواصل معنا لبدء قصتك. 

 #قصتي #نجاح #الهام #xstore #ريادة_الأعمال #تحفيز #مشروعي #الجزائر","- **Visual Theme:** أسلوب قصصي. استخدام صور حقيقية للعميل ومنتجاته (بعد أخذ الإذن).
- **Slide 2-4:** استخدام أيقونات ورسوم بيانية بسيطة لشرح التحدي والحل.
- **Slide 5:** عرض أرقام النتائج بشكل بارز وجذاب (مثال: عداد أرقام متحرك إذا كان فيديو، أو أرقام كبيرة وواضحة في التصميم).
- **Slide 6:** صورة العميل مع اقتباسه مكتوب بخط يشبه خط اليد للمصداقية.
- **Slide 7-8:** استخدام صور ملهمة ودعوة للعمل قوية.","Abderahmane Mohamed","Project Task Manager","QkU5OHqs50n5oCnAzV9d"
"Wayso Project","P16-WA","[P16-WA] Image - ثق في النتائج، ماشي الوعود! مئات التجار في دزاير ا","Image","ثق في النتائج، ماشي الوعود! مئات التجار في دزاير اختاروا xstore.","+250 تاجر جزائري يثق في xstore.
هل ستكون التالي؟","الأرقام لا تكذب. 

 عندما يختار المئات من رواد الأعمال مثلك نفس الحل، فهذا يعني شيئًا واحدًا: أنه يعمل.
انضم إلى مجتمع التجار الناجحين في الجزائر الذين وجدوا في xstore الشريك المثالي لتحقيق طموحاتهم. 

 شاهد من نجح معنا وانضم إليهم اليوم! 

 #مجتمع_xstore #ثقة #دليل #نتائج #تجارة_الكترونية #الجزائر #رواد_اعمال","تصميم يعتمد على الدليل الاجتماعي. في الخلفية، صورة مجمعة (Collage) لعدة واجهات متاجر عملاء xstore بشكل مصغر ومضبب قليلاً. في المقدمة، النص يكتب بأرقام كبيرة وواضحة لإبراز قوة العدد.","Abderahmane Mohamed","Project Task Manager","QkU5OHqs50n5oCnAzV9d"
"Wayso Project","V17-WA","[V17-WA] Video - راك تبع فينا شحال... وعجبك الحل. واش لي مازال مخلي","Video","راك تبع فينا شحال... وعجبك الحل. واش لي مازال مخليك تخمم؟","(صوت معلق احترافي، دافئ ومقنع)
شفت الإمكانيات... وشفت قصص النجاح.
تخيلت روحك عندك متجر احترافي، والطلبات تدخل كل يوم.
علابالنا بلي مازال عندك تردد صغير... خوف من الخطوة الأولى.
على جال هذا، حبينا نسهلوهالك أكثر.
للمهتمين الجادين فقط، ولمدة محدودة...
كي تفتح متجرك مع xstore اليوم، ما تتحصلش غير على منصة متكاملة...
بل تتحصل على بونص حصري: استشارة تسويقية شخصية مع أحد خبرائنا.
باش نضمنو بداية قوية لمشروعك، ونديرولك خطة لأول 100 عملية بيع.
هذه الفرصة باش تبدا صح، وبشريك حقيقي في ظهرك.
بصح العرض محدود... والوقت يمشي.
ماتخليش التردد يسرقلك حلمك.","🎁 عرض خاص لمن يتابعنا... لا تفوته! 

 نعرف أنك مهتم بتحويل فكرتك إلى مشروع ناجح، ولهذا قررنا أن نمنحك دفعة إضافية.
لكل من يسجل لفتح متجره معنا خلال هذا الأسبوع، سيحصل على هدية قيمة: استشارة تسويقية خاصة ومجانية لوضع خطة عمل واضحة لتحقيق أولى مبيعاتك.

هذه فرصتك لتنطلق بقوة وبدون تخمين. 

 عرض خاص ومحدود: ابدا متجرك مع 'xstore' اليوم واحصل على استشارة تسويقية مجانية! سجل الآن قبل فوات الأوان! 

 #عرض_خاص #فرصة #xstore #بونص #تسويق_رقمي #بداية_جديدة #الجزائر","[Hybrid - Motion Graphics + Voice Over]
- **Style:** فيديو سريع وإيقاعي، يعتمد على نصوص متحركة قوية ومؤثرات بصرية جذابة. 
- **Attention (0-5s):** تظهر على الشاشة الأسئلة التي قد يفكر فيها العميل المتردد (هل السعر مناسب؟ هل سأنجح؟). 
- **Interest (5-15s):** عرض سريع لأهم مزايا xstore التي رآها من قبل (متجر جاهز، توصيل، دعم) كخلاصة.
- **Desire (15-25s):** يظهر أيقونة هدية كبيرة ومغلفة. تنفتح ليكشف عن ""استشارة تسويقية مجانية"". تظهر رسوم بيانية للنمو المتوقع.
- **Action (25-35s):** يظهر عداد تنازلي للوقت. تظهر عبارة ""العرض سينتهي قريباً"" مع زر ""سجل الآن قبل فوات الأوان"" كبير وواضح.","Ahmed Benkali","Project Task Manager","QkU5OHqs50n5oCnAzV9d"
"Wayso Project","C18-WA","[C18-WA] Carousel - الفرصة لي كنت تستناها... راهي قريب تروح! عرض xstor","Carousel","الفرصة لي كنت تستناها... راهي قريب تروح! عرض xstore الخاص.","Slide 1: فرصة ذهبية ما تتعاودش! عرض xstore الخاص على وشك الانتهاء.
Slide 2: واش تتحصل عليه؟ متجر إلكتروني احترافي + استضافة آمنة + ربط مع شركات التوصيل + نظام الدفع عند الاستلام.
Slide 3: البونص الحصري ✨: استشارة تسويقية شخصية (بقيمة 20,000 دج) مجاناً! باش تبدا تبيع من الأسبوع الأول.
Slide 4: علاش لازم تتحرك الآن؟ هذا العرض متاح فقط للمسجلين الجدد هذا الأسبوع. المقاعد محدودة لضمان الجودة.
Slide 5: خطوة واحدة تفصلك عن مشروع أحلامك. اضغط على الرابط، احجز مكانك، وخلينا نبداو!","⏳ الوقت ينفد... هل ستقتنص الفرصة؟ 

 هذا أكثر من مجرد عرض، هذا هو استثمارك الأضمن لبداية مشروع ناجح في الجزائر.
متجر متكامل + هدية استشارة تسويقية لا تقدر بثمن.

لا تترك التردد يكلفك هذه الفرصة. اسحب لليمين ⬅️ وشوف كل التفاصيل. 

 اضغط هنا للاستفادة من العرض قبل أن ينتهي! 

 #عرض_محدود #فرصة_العمر #xstore #لا_تتردد #تجارة_الكترونية #الجزائر #استثمار","- **Visual Theme:** تصميم يخلق شعوراً بالإلحاح. استخدام ألوان قوية مثل الأحمر والبرتقالي. أيقونات مثل ساعة رملية أو عداد تنازلي.
- **Slide 2:** استخدام أيقونات Check-mark ✓ لتوضيح كل ميزة في الباقة.
- **Slide 3:** تصميم خاص للبونص، كأنه شهادة أو قسيمة هدية لإبراز قيمته.
- **Slide 4:** استخدام كلمات مثل ""حصري""، ""محدود""، ""الآن"" بخط عريض.
- **Slide 5:** سهم كبير وواضح يشير إلى رابط الـ CTA.","Abderahmane Mohamed","Project Task Manager","QkU5OHqs50n5oCnAzV9d"
"Wayso Project","P19-WA","[P19-WA] Image - فرصتك الأخيرة: متجر احترافي + بونص استشارة مجانية!","Image","فرصتك الأخيرة: متجر احترافي + بونص استشارة مجانية! متسناش بزاف!","آخر فرصة!
متجر متكامل + استشارة تسويقية مجانية
العرض ينتهي قريباً","🚨 تنبيه: فرصتك على وشك الانتهاء! 

 لا تقل ""يا ليتني فعلت"". الخطوة التي تتخذها اليوم يمكن أن تغير مسار مشروعك بالكامل. متجر احترافي وبونص استشارة تسويقية مجانية في انتظارك. 

 سجل الآن! لا تدع الفرصة تفوتك. 

 #الفرصة_الأخيرة #الآن_أو_أبدا #xstore #عرض_ناري #تجارة_الكترونية #الجزائر #تحرك_الآن","تصميم جريء ومباشر. استخدام خطوط كبيرة جداً وواضحة. وضع عبارة ""آخر فرصة"" داخل شكل بارز (مثل شريط أحمر). أيقونة ساعة أو تقويم توضح محدودية الوقت. لوغو xstore في الأسفل.","Abderahmane Mohamed","Project Task Manager","QkU5OHqs50n5oCnAzV9d"